{
  "application": {
    "color": {
      "main": "#{theme.application.color.main}"
    }
  },
  "site": {
    "name": "#{site.name}"
  },
  "menu": {
    "items": [
      {
        "name": {
          "es": "item 1"
        },
        "items": [
          {
            "name": {
              "es": "item 1-1"
            },
            "url": ""
          },
          {
            "name": {
              "es": "item 1-2"
            },
            "url": ""
          }
        ]
      },
      {
        "name": {
          "es": "item 2"
        },
        "url": ""
      },
      {
        "name": {
          "es": "item 3"
        },
        "url": "",
        "items": [
          {
            "name": {
              "es": "item 3-1"
            },
            "url": ""
          },
          {
            "name": {
              "es": "item 3-2"
            },
            "url": ""
          },
          {
            "name": {
              "es": "item 3-3"
            },
            "url": ""
          }
        ]
      },
      {
        "name": {
          "es": "item 4"
        },
        "url": ""
      },
    ]
  }
}
