{
  "get": [
    {
      "path": "/api/v1/sites",
      "class": "net.cabezudo.sofia.core.sites.SiteListService"
    },
    {
      "path": "/api/v1/sites/{siteId}",
      "class": "net.cabezudo.sofia.core.sites.SiteService"
    },
    {
      "path": "/api/v1/sites/{siteId}/names/{name}/validate",
      "class": "net.cabezudo.sofia.core.sites.SiteNameValidationService"
    },
    {
      "path": "/api/v1/sites/{siteId}/versions/{version}/validate",
      "class": "net.cabezudo.sofia.core.sites.SiteVersionValidatorService"
    },
    {
      "path": "/api/v1/sites/{siteId}/hosts",
      "class": "net.cabezudo.sofia.core.sites.SiteHostameListService"
    },
    {
      "path": "/api/v1/sites/{siteId}/hosts/{hostname}/names/{name}/validate",
      "class": "net.cabezudo.sofia.core.sites.SiteHostnameNameValidationService"
    },
    {
      "path": "/api/v1/mails/{email}/validate",
      "class": "net.cabezudo.sofia.emails.EMailValidatorService"
    },
    {
      "path": "/api/v1/users/logged",
      "class": "net.cabezudo.sofia.core.users.autentication.AuthenticatedService"
    },
    {
      "path": "/api/v1/users/{email}/password/recover",
      "class": "net.cabezudo.sofia.core.passwords.RecoverPasswordService"
    },
    {
      "path": "/api/v1/users",
      "class": "net.cabezudo.sofia.core.users.ListUsersService"
    },
    {
      "path": "/api/v1/persons",
      "class": "net.cabezudo.sofia.people.ListPeopleService"
    },
    {
      "path": "/api/v1/clients",
      "class": "net.cabezudo.sofia.clients.ListClientsService"
    },
    {
      "path": "/api/v1/clients/{clientId}",
      "class": "net.cabezudo.sofia.clients.DetailClientsService"
    }
  ],
  "post": [
    {
      "path": "/api/v1/password/validate",
      "class": "net.cabezudo.sofia.core.passwords.PasswordValidatorService"
    },
    {
      "path": "/api/v1/password/pair/validate",
      "class": "net.cabezudo.sofia.core.passwords.PasswordPairValidatorService"
    },
    {
      "path": "/api/v1/users/login",
      "class": "net.cabezudo.sofia.core.users.autentication.LoginService"
    },
    {
      "path": "/api/v1/users/{hash}/password",
      "class": "net.cabezudo.sofia.core.passwords.SetPasswordService"
    },
    {
      "path": "/api/v1/users",
      "class": "net.cabezudo.sofia.core.users.AddUserService"
    },
    {
      "path": "/api/v1/person",
      "class": ""
    },
    {
      "path": "/api/v1/enterprise/",
      "class": ""
    },
    {
      "path": "/api/v1/enterprise/{enterpriseId}/person/{personId}",
      "class": ""
    },
    {
      "path": "/api/v1/restaurant",
      "class": ""
    },
    {
      "path": "/api/v1/restaurant/{restaurantId}/person/{personId}",
      "class": ""
    },
    {
      "path": "/api/v1/restaurant/{restaurantId}/dish",
      "class": ""
    },
    {
      "path": "/api/v1/restaurant/{restaurantId}/year/{year}/month/{month}/day/{day}/course",
      "class": ""
    },
    {
      "path": "/api/v1/restaurant/{restaurantId}/year/{year}/month/{month}/day/{day}/course/{courseId}",
      "class": ""
    },
    {
      "path": "/api/v1/course/{courseId}/dish/{dishId}",
      "class": ""
    }
  ],
  "put": [
    {
      "path": "/api/v1/sites/{siteId}",
      "class": "net.cabezudo.sofia.core.sites.SiteModifyService"
    },
    {
      "path": "/api/v1/sites/{siteId}/hosts/{hostId}",
      "class": "net.cabezudo.sofia.core.sites.SiteModifyDomainNameService"
    },
    {
      "path": "/api/v1/person/{personId}",
      "class": ""
    },
    {
      "path": "/api/v1/enterprise/{enterpriseId}",
      "class": ""
    },
    {
      "path": "/api/v1/restaurant/{restaurantId}",
      "class": ""
    },
    {
      "path": "/api/v1/dish/{dishId}",
      "class": ""
    },
    {
      "path": "/api/v1/course/{courseId}",
      "class": ""
    },
    {
      "path": "/api/v1/restaurant/{restaurantId}/ingredient/{ingredientId}",
      "class": ""
    },
    {
      "path": "/api/v1/year/{year}/month/{month}/day/{day}/courses/publish",
      "class": ""
    },
    {
      "path": "/api/v1/year/{year}/month/{month}/day/{day}/courses/unpublish",
      "class": ""
    }
  ],
  "delete": [
    {
      "path": "/api/v1/users/{userId}",
      "class": ""
    },
    {
      "path": "/api/v1/person/{personId}",
      "class": ""
    },
    {
      "path": "/api/v1/enterprise/{enterpriseId}",
      "class": ""
    },
    {
      "path": "/api/v1/enterprise/{enterpriseId}/person/{personId}",
      "class": ""
    },
    {
      "path": "/api/v1/restaurant/{restaurantId}",
      "class": ""
    },
    {
      "path": "/api/v1/restaurant/{restaurantId}/person/{personId}",
      "class": ""
    },
    {
      "path": "/api/v1/restaurant/{restaurantId}/dish/{dishId}",
      "class": ""
    },
    {
      "path": "/api/v1/course/{courseId}",
      "class": ""
    },
    {
      "path": "/api/v1/course/{courseId}",
      "class": ""
    },
    {
      "path": "/api/v1/course/{courseId}/dish/{dishId}",
      "class": ""
    },
    {
      "path": "/api/v1/ingredient/{ingredientId}",
      "class": ""
    }
  ]
}
