{
  "menu": {
    "items": [
      {
        "name": {
          "es": "acceder"
        },
        "url": "login.html",
        "logged": false,
        "hide": [
          "/login.html"
        ]
      },
      {
        "name": {
          "es": "administración"
        },
        "url": "/manager/",
        "logged": true,
        "profiles": [
          "Administrator"
        ]
      },
      {
        "name": {
          "es": "salir"
        },
        "url": "logout",
        "logged": true
      }
    ]
  }
}