{
  "application": {
    "color": {
      "main": "#{theme.application.color.main}"
    }
  },
  "header": {
    "menu": {
      "name": "#{site.shortName}",
      "description": "web for people",
      "items": [
        {
          "name": {
            "en": "Login"
          },
          "logged": false,
          "url": "/login.html"
        },
        {
          "name": {
            "en": "Logout"
          },
          "logged": true,
          "url": "/logout"
        },
        {
          "template": {
            "name": "twitter",
            "url": "#{site.socialMedia.twitter.url}"
          }
        }
      ]
    }
  }
}