{
  "passwordRecoveryTitle": "Recuperar contraseña",
  "messageTitle": "Correo enviado",
  "afterPasswordRecoverySent": "passwordRecoverySent.html",
  "theme": {
    "caption": {
      "title": {
        "font": {
          "family": "#{theme.caption.title.font.family}",
          "size": {
            "default": "#{theme.caption.title.font.size.default}",
            "480": "#{theme.caption.title.font.size.480}",
            "750": "#{theme.caption.title.font.size.750}",
            "1024": "#{theme.caption.title.font.size.1024}",
            "1250": "#{theme.caption.title.font.size.1250}",
            "1800": "#{theme.caption.title.font.size.1800}"
          }
        }
      },
      "option": {
        "font": {
          "family": "#{theme.caption.option.font.family}",
          "size": {
            "default": "#{theme.caption.option.font.size.default}",
            "480": "#{theme.caption.option.font.size.480}",
            "750": "#{theme.caption.option.font.size.750}",
            "1024": "#{theme.caption.option.font.size.1024}",
            "1250": "#{theme.caption.option.font.size.1250}",
            "1800": "#{theme.caption.option.font.size.1800}"
          }
        }
      },
      "text": {
        "font": {
          "family": "#{theme.text.font.family}",
          "size": {
            "default": "#{theme.caption.text.font.size.default}",
            "480": "#{theme.caption.text.font.size.480}",
            "750": "#{theme.caption.text.font.size.750}",
            "1024": "#{theme.caption.text.font.size.1024}",
            "1250": "#{theme.caption.text.font.size.1250}",
            "1800": "#{theme.caption.text.font.size.1800}"
          }
        }
      }
    }
  }
}
